{
  "Aruba": 3834729616.12027,
  "Africa Eastern and Southern": 1179359054880.45,
  "Afghanistan": 17152234636.8715,
  "Africa Western and Central": 938238370514.198,
  "Angola": 107167747140.127,
  "Albania": 23491242727.4082,
  "Andorra": 3785065524.84754,
  "Arab World": 3622495663981.78,
  "United Arab Emirates": 522622191967.325,
  "AE": 522622191967.325,
  "Argentina": 649461687959.174,
  "Armenia": 24185982215.6543,
  "American Samoa": 871000000,
  "Antigua and Barbuda": 2005785185.18518,
  "Australia": 1734451264655.6,
  "Austria": 516670509628.876,
  "Azerbaijan": 72428470588.2353,
  "Burundi": 3430949249.91221,
  "Belgium": 651330595110.011,
  "Benin": 19673291004.1444,
  "Burkina Faso": 20112614449.2039,
  "Bangladesh": 437415333018.291,
  "Bulgaria": 102199231384.542,
  "BG": 102199231384.542,
  "Bahrain": 46192260638.2979,
  "Bahamas, The": 15271300000,
  "Bosnia and Herzegovina": 27592361498.4057,
  "Belarus": 72478760370.4258,
  "Belize": 3052362650,
  "Bermuda": 8579242000,
  "Bolivia": 52340206946.4544,
  "Brazil": 2191131869706.02,
  "Barbados": 7223250000,
  "Brunei Darussalam": 15095084656.1634,
  "Bhutan": 3012896789.24928,
  "BT": 3012896789.24928,
  "Botswana": 19411266967.1044,
  "Central African Republic": 2555492085.94725,
  "Canada": 2173339670064.33,
  "Central Europe and the Baltics": 2273205742208.3,
  "Switzerland": 894424821645.205,
  "Channel Islands": 12507320838.3932,
  "Chile": 335518054097.637,
  "China": 18270356654533.2,
  "CN": 18270356654533.2,
  "Cote d'Ivoire": 80780312569.1646,
  "Cameroon": 48814501547.4313,
  "Congo, Dem. Rep.": 69843655425.2929,
  "Congo, Rep.": 15321055822.5167,
  "Colombia": 366291836137.916,
  "Comoros": 1326836543.00797,
  "Cabo Verde": 2504525548.71164,
  "Costa Rica": 86497941439.0174,
  "Caribbean small states": 79534673452.944,
  "Curacao": 3281419347.37053,
  "Cayman Islands": 7241244269.45972,
  "Cyprus": 35075423857.0996,
  "Czechia": 345059295659.911,
  "Germany": 4562207532490.28,
  "DE": 4562207532490.28,
  "Djibouti": 3898447007.38798,
  "Dominica": 659311111.111111,
  "Denmark": 404651706117.557,
  "Dominican Republic": 120456239153.739,
  "Algeria": 247923887214.655,
  "East Asia & Pacific (excluding high income)": 21644412635340.6,
  "Early-demographic dividend": 14933453330998.3,
  "East Asia & Pacific": 31417826880875,
  "Europe & Central Asia (excluding high income)": 2143244215113.25,
  "Europe & Central Asia": 27732942821913.5,
  "Ecuador": 121147057000,
  "Egypt, Arab Rep.": 395926075163.006,
  "Euro area": 15854782417877,
  "Spain": 1619481980719.64,
  "Estonia": 41470344395.1086,
  "Ethiopia": 135874093202.492,
  "European Union": 18659133072074.8,
  "Fragile and conflict affected situations": 1778723185468.2,
  "Finland": 295021982462.75,
  "FI": 295021982462.75,
  "Fiji": 5476673518.13788,
  "France": 3056250648138.29,
  "Faroe Islands": 3943131022.2291,
  "Micronesia, Fed. Sts.": 441469400,
  "Gabon": 19388372070.9778,
  "United Kingdom": 3420796653789.08,
  "GB": 3420796653789.08,
  "Georgia": 30777833600.6515,
  "Ghana": 80547146878.3843,
  "Guinea": 22407615556.0571,
  "Gambia, The": 2382262184.68273,
  "Guinea-Bissau": 2127688181.12014,
  "Equatorial Guinea": 12337550583.754,
  "Greece": 242946187738.269,
  "Grenada": 1336418518.51852,
  "Greenland": 3326543974.39193,
  "Guatemala": 104368755054.601,
  "Guam": 6910000000,
  "Guyana": 16918503597.1223,
  "High income": 68449582732271.4,
  "Hong Kong SAR, China": 381043026173.935,
  "Honduras": 34355805527.9795,
  "Heavily indebted poor countries (HIPC)": 1060316071770.29,
  "Croatia": 85624153964.0987,
  "Haiti": 19850585722.3241,
  "Hungary": 213240316634.648,
  "IBRD only": 39248258733753.5,
  "IDA & IBRD total": 42176516066439.1,
  "IDA total": 2928257332685.53,
  "IDA blend": 1272526278004.68,
  "Indonesia": 1371169301563.62,
  "IDA only": 1655731054680.85,
  "Isle of Man": 7431257410.92713,
  "India": 3638489096033.86,
  "Ireland": 567372737459.116,
  "Iran, Islamic Rep.": 457510482317.483,
  "Iraq": 268881051643.549,
  "Iceland": 31677891896.7861,
  "Israel": 512184638998.974,
  "Italy": 2316727999333.18,
  "Jamaica": 21418804319.6395,
  "Jordan": 51088476338.0282,
  "Japan": 4213167237905.83,
  "Kazakhstan": 261840101059.923,
  "Kenya": 107500884685.013,
  "Kyrgyz Republic": 15180842369.4894,
  "Cambodia": 42335646895.7984,
  "Kiribati": 288610747.738991,
  "St. Kitts and Nevis": 1055651851.85185,
  "Korea, Rep.": 1844800934391.54,
  "Kuwait": 165384407116.233,
  "Latin America & Caribbean (excluding high income)": 6014673692976.05,
  "Lao PDR": 15843155731.2552,
  "Lebanon": 20078620356.9931,
  "Liberia": 4390000000,
  "Libya": 44027664915.187,
  "St. Lucia": 2430166666.66667,
  "Latin America & Caribbean": 6910660006084.82,
  "Least developed countries: UN classification": 1459966948607.94,
  "Low income": 434043376409.571,
  "Liechtenstein": 8239379403.22096,
  "Sri Lanka": 83716142582.1945,
  "Lower middle income": 7684634708973.7,
  "Low & middle income": 38059330027172.9,
  "Lesotho": 2117962445.37471,
  "Late-demographic dividend": 28934446547714.4,
  "Lithuania": 79789877416.1681,
  "Luxembourg": 88788881539.3937,
  "Latvia": 42779550936.838,
  "Macao SAR, China": 45626467279.891,
  "Morocco": 146036093666.762,
  "Monaco": 10003892565.2005,
  "Moldova": 16711906746.2133,
  "Madagascar": 15869945477.8505,
  "Maldives": 6621008703.95743,
  "Middle East, North Africa, Afghanistan & Pakistan": 4905729965245.33,
  "Mexico": 1798317581486.88,
  "Marshall Islands": 263761322.021484,
  "Middle income": 37622349618946.3,
  "North Macedonia": 15855131188.9092,
  "Mali": 24813860598.5307,
  "Malta": 22610561526.1461,
  "Myanmar": 66757619000,
  "Middle East, North Africa, Afghanistan & Pakistan (excluding high income)": 2094668147144.99,
  "Montenegro": 7644389159.84471,
  "Mongolia": 20325121393.9074,
  "Northern Mariana Islands": 1096000000,
  "Mozambique": 20921079532.6094,
  "Mauritania": 10726838461.3987,
  "Mauritius": 14072212290.4596,
  "Malawi": 13363669672.9405,
  "Malaysia": 399949418752.657,
  "North America": 29474089705278.7,
  "Namibia": 12408271449.2244,
  "New Caledonia": 9769167530.35744,
  "Niger": 16698786977.59,
  "Nigeria": 487387801880.597,
  "Nicaragua": 17805842283.8725,
  "Netherlands": 1135475867551,
  "Norway": 482949731776.587,
  "Nepal": 41047772331.0994,
  "Nauru": 151435609.578807,
  "New Zealand": 255194972673.122,
  "OECD members": 64648892594414.4,
  "Oman": 106174708036.51,
  "Other small states": 196615944595.18,
  "Pakistan": 336686348609.266,
  "Panama": 83812155244.3352,
  "Peru": 266958720837.988,
  "Philippines": 437055627244.424,
  "Palau": 276733062.744141,
  "Papua New Guinea": 30816367066.9594,
  "Poland": 812451193396.143,
  "Pre-demographic dividend": 1680243373294.08,
  "Puerto Rico (US)": 118478754280.882,
  "Portugal": 292323800948.839,
  "Paraguay": 43118053174.5461,
  "West Bank and Gaza": 17847900000,
  "Pacific island small states": 11224282183.2085,
  "Post-demographic dividend": 60342185357196.3,
  "French Polynesia": 6137447782.87066,
  "Qatar": 217308516483.516,
  "Romania": 347757995758.914,
  "Russian Federation": 2071505725030.58,
  "Rwanda": 14331722703.4134,
  "South Asia": 4210302249458.65,
  "Saudi Arabia": 1218584533333.33,
  "Sudan": 39898289820.7951,
  "Senegal": 30696331295.7826,
  "Singapore": 505439514078.019,
  "Solomon Islands": 1506124566.40404,
  "Sierra Leone": 6415852766.73832,
  "El Salvador": 33853940000,
  "SV": 33853940000,
  "San Marino": 2027527227.831,
  "Somalia, Fed. Rep.": 10958000000,
  "Serbia": 81343999280.0179,
  "Sub-Saharan Africa (excluding high income)": 1979535952437.49,
  "Sub-Saharan Africa": 2117597425394.65,
  "Small states": 287374900231.333,
  "Sao Tome and Principe": 690456806.696406,
  "Suriname": 3472693412.08497,
  "Slovak Republic": 133578518423.544,
  "Slovenia": 69255264238.3855,
  "Sweden": 578990915246.07,
  "Eswatini": 4621191261.84214,
  "Sint Maarten (Dutch part)": 1686525953.05006,