{
  "Aruba": 1468151730,
  "Angola": 13942114198.8828,
  "Albania": 6455445543.45668,
  "United Arab Emirates": 189490945175.271,
  "AE": 189490945175.271,
  "Argentina": 23080560550.2946,
  "Armenia": 3607482711.24985,
  "Antigua and Barbuda": 364367020.196401,
  "Australia": 61703347652.0138,
  "Austria": 31212271321.99,
  "Azerbaijan": 13748751031.513,
  "Burundi": 90349885.1781753,
  "Belgium": 40812779631.4112,
  "Bangladesh": 21859709190.8892,
  "Bulgaria": 46333887862.1794,
  "BG": 46333887862.1794,
  "Bahrain": 5117552034.50774,
  "Bahamas, The": 2511681591.43478,
  "Bosnia and Herzegovina": 9204916833.8925,
  "Belarus": 8117798862.30499,
  "Belize": 473729034.128496,
  "Bolivia": 1799951502.87318,
  "Brazil": 355021395541.562,
  "Barbados": 1605919490.51553,
  "Brunei Darussalam": 4482741926.02546,
  "Bhutan": 654480752.429944,
  "BT": 654480752.429944,
  "Botswana": 4755831848.94263,
  "Central African Republic": 479592712.605639,
  "Canada": 117550899244.64,
  "Switzerland": 863891876435.069,
  "Chile": 46377347796.8251,
  "China": 3449544415518.98,
  "CN": 3449544415518.98,
  "Cameroon": 4882047276.67739,
  "Congo, Dem. Rep.": 5104181646.5526,
  "Congo, Rep.": 715391052.357981,
  "Colombia": 59040690523.7904,
  "Comoros": 324560634.116795,
  "Cabo Verde": 837880565.130438,
  "Costa Rica": 13225042447.0425,
  "Cayman Islands": 234000000,
  "Cyprus": 1789231286.1808,
  "Czechia": 148378918433.596,
  "Germany": 322700066274.527,
  "DE": 322700066274.527,
  "Djibouti": 502033555.759362,
  "Dominica": 183530007.089389,
  "Denmark": 109370841823.918,
  "Dominican Republic": 15546714438.2444,
  "Algeria": 81216738411.6242,
  "Ecuador": 4441563798.69096,
  "Egypt, Arab Rep.": 33070180836.1374,
  "Euro area": 1266772714159.61,
  "Spain": 103088770527.743,
  "Estonia": 2593038273.75936,
  "Ethiopia": 2028214254.61106,
  "Finland": 16928837296.6915,
  "FI": 16928837296.6915,
  "Fiji": 1548302837.62548,
  "France": 240792007784.254,
  "Micronesia, Fed. Sts.": 497434120.418255,
  "Gabon": 1447408422.70298,
  "United Kingdom": 177915356242.234,
  "GB": 177915356242.234,
  "Georgia": 5002255638.46392,
  "Ghana": 3623904994.58702,
  "Guinea": 1887171051.40105,
  "Gambia, The": 577028229.488264,
  "Equatorial Guinea": 1538461553.77119,
  "Greece": 13608310628.7708,
  "Grenada": 404129916.314621,
  "Guatemala": 21311089849.3863,
  "Guyana": 895275181.194153,
  "Hong Kong SAR, China": 425554111033.182,
  "Honduras": 7543352779.92798,
  "Croatia": 3176284868.24805,
  "Haiti": 2586418762.20436,
  "Hungary": 45718623573.4135,
  "Indonesia": 146358992701.848,
  "India": 627792750126.715,
  "Ireland": 12904794778.1845,
  "Iraq": 112232897713.46,
  "Iceland": 5808710368.479,
  "Israel": 204660857567.016,
  "Italy": 247396384253.983,
  "Jamaica": 4868643492.7225,
  "Jordan": 19068901690.6261,
  "Japan": 1294636035263.82,
  "Kazakhstan": 35964591353.82,
  "Kenya": 7341776189.84466,
  "Kyrgyz Republic": 3236844683.24645,
  "Cambodia": 19983916474.9418,
  "St. Kitts and Nevis": 286074596.982653,
  "Korea, Rep.": 420930029064.025,
  "Kuwait": 52619359334.9437,
  "Lao PDR": 1769745792.21118,
  "Lebanon": 27489698131.497,
  "Liberia": 599660417.529906,
  "Libya": 92427294786.8624,
  "St. Lucia": 424323643.897079,
  "Sri Lanka": 4405117005.00662,
  "Lesotho": 854088923.807729,
  "Lithuania": 6168341355.74637,
  "Luxembourg": 2977407185.9864,
  "Latvia": 4956772380.01986,
  "Macao SAR, China": 27770639000,
  "Morocco": 36327701787.7523,
  "Moldova": 5453111013.53607,
  "Madagascar": 2631980575.49645,
  "Maldives": 590522550.56534,
  "Mexico": 214316827085.02,
  "North Macedonia": 5014981540.03403,
  "Malta": 1222820471.48281,
  "Myanmar": 9337819633.15963,
  "Montenegro": 1573580964.08645,
  "Mongolia": 4915514836.40429,
  "Mozambique": 3637000551.83482,
  "Mauritania": 2038562789.40175,
  "Mauritius": 7247890260.49611,
  "Malaysia": 113462632023.729,
  "Namibia": 2956284637.81427,
  "Nigeria": 32034797236.9329,
  "Nicaragua": 5446998877.80189,
  "Netherlands": 69829689143.2849,
  "Norway": 80459096008.3425,
  "Nepal": 12456122668.8948,
  "New Zealand": 15487380827.5418,
  "Oman": 17454630668.5072,
  "Pakistan": 13730353485.3454,
  "Panama": 6756683681.74504,
  "Peru": 71394387239.6392,
  "Philippines": 103742233308.668,
  "Papua New Guinea": 3901331641.41289,
  "Poland": 193783277723.378,
  "Portugal": 35243055047.801,
  "Paraguay": 9885683629.59266,
  "West Bank and Gaza": 1323200000,
  "Qatar": 51538727785.639,
  "Romania": 72999646521.5027,
  "Russian Federation": 597217063819.197,
  "Rwanda": 1834050909.65197,
  "Saudi Arabia": 457948635287.488,
  "Singapore": 359834756845.917,
  "Solomon Islands": 688220066.972769,
  "Sierra Leone": 495698793.817761,
  "El Salvador": 3079168947.08155,
  "SV": 3079168947.08155,
  "San Marino": 836088074.053394,
  "Serbia": 27569406103.6015,
  "South Sudan": 72880855.2161364,
  "Sao Tome and Principe": 46247347.8884686,
  "Suriname": 1346122670.63627,
  "Slovak Republic": 11288019853.7365,
  "Slovenia": 2369992496.30557,
  "Sweden": 60862760991.0537,
  "Eswatini": 479261051.167947,
  "Seychelles": 682793969.314271,
  "Chad": 1049788251.30153,
  "Thailand": 224470464418.923,
  "Tajikistan": 3303825209.68631,
  "Timor-Leste": 781994896.673166,
  "Tonga": 396530126.417996,
  "Trinidad and Tobago": 6255633381.74802,
  "Tunisia": 9239745488.47506,
  "Turkiye": 140868480001.696,
  "Ukraine": 40510106307.8863,
  "Uruguay": 16256769466.6151,
  "United States": 773426187289.128,
  "US": 773426187289.128,
  "Uzbekistan": 34557511091.0994,
  "St. Vincent and the Grenadines": 280564003.843077,
  "Viet Nam": 92237540812.2468,
  "Vanuatu": 643768389.576285,
  "Samoa": 447089817.094158,
  "Kosovo": 1245423955.07842,
  "Yemen, Rep.": 1250826378.53556,
  "South Africa": 62491675820.3129,
  "Zambia": 3173177777.1366,
  "Zimbabwe": 115529709.859095
}